{"cameraMode":{"drawMode":0,"name":"Shaded","section":"Shading Mode"},"sceneLighting":true,"audioPlay":false,"sceneViewState":{"m_AlwaysRefresh":false,"showFog":true,"showSkybox":true,"showFlares":true,"showImageEffects":true,"showParticleSystems":true,"showVisualEffectGraphs":true,"m_FxEnabled":false},"in2DMode":false,"pivot":{"x":-3.7545762062072756,"y":6.7794294357299809,"z":-4.614692211151123},"rotation":{"x":0.1320362240076065,"y":-0.08315696567296982,"z":0.011186368763446808,"w":0.9877098798751831},"size":10.869585990905762,"orthographic":false}