{"cameraMode":{"drawMode":0,"name":"Shaded","section":"Shading Mode"},"sceneLighting":true,"audioPlay":false,"sceneViewState":{"m_AlwaysRefresh":false,"showFog":true,"showSkybox":true,"showFlares":true,"showImageEffects":true,"showParticleSystems":true,"showVisualEffectGraphs":true,"m_FxEnabled":false},"in2DMode":false,"pivot":{"x":-0.7600002288818359,"y":7.3600006103515629,"z":-15.369998931884766},"rotation":{"x":-0.16245011985301972,"y":-0.12047004699707031,"z":0.019891854375600816,"w":-0.9791706204414368},"size":12.12435531616211,"orthographic":false}