{"cameraMode":{"drawMode":0,"name":"Shaded","section":"Shading Mode"},"sceneLighting":true,"audioPlay":false,"sceneViewState":{"m_AlwaysRefresh":false,"showFog":true,"showSkybox":true,"showFlares":true,"showImageEffects":true,"showParticleSystems":true,"showVisualEffectGraphs":true,"m_FxEnabled":false},"in2DMode":false,"pivot":{"x":-10.277029991149903,"y":8.522466659545899,"z":-4.312791347503662},"rotation":{"x":0.15476733446121217,"y":0.23179373145103455,"z":-0.037384018301963809,"w":0.9596526622772217},"size":10.110482215881348,"orthographic":false}