{"cameraMode":{"drawMode":0,"name":"Shaded","section":"Shading Mode"},"sceneLighting":true,"audioPlay":false,"sceneViewState":{"m_AlwaysRefresh":false,"showFog":true,"showSkybox":true,"showFlares":true,"showImageEffects":true,"showParticleSystems":true,"showVisualEffectGraphs":true,"m_FxEnabled":false},"in2DMode":false,"pivot":{"x":-0.4730038344860077,"y":1.9887770414352418,"z":-0.9082095623016357},"rotation":{"x":0.09823634475469589,"y":0.010451196692883969,"z":-0.0010220552794635296,"w":0.9951397776603699},"size":7.703911781311035,"orthographic":false}